source_id,source_type,title,author_or_org,date,url,engine_family,topic,evidence_class,status,notes
S001,web reference,1985 Porsche 944 specifications,Automobile-Catalog,,https://www.automobile-catalog.com/car/1985/2683850/porsche_944.html,Porsche M44 NA,factory output,R,Current,"143 hp / 137 lb-ft North American 1985 reference"
S002,forum transcription,Weight of 968 and 944/924S engines,PFF,2011-04-07,https://www.pff.de/thread/2713261-gewicht-motoren-968-und-924s/,Porsche M44 NA,engine dry weight,A,Needs primary verification,"Quotes Porsche workshop manual: 944/924S 166 kg; 968 172 kg"
S003,published reference,Porsche 944 Buyers Guide,Stuttcars,,https://www.stuttcars.com/porsche-buyers-guides/porsche-944-buyers-guide/,Porsche 951,factory output,R,Current,"Early US Turbo listed 217 hp / 243 lb-ft; 220 PS European convention"
S004,manufacturer,Porsche transaxle models,Porsche,2026,https://newsroom.porsche.com/en/2026/history/porsche-transaxle-models-history-42008.html,Porsche 968,factory output,P,Current,"968 3.0L 240 PS; 305 Nm"
S005,published reference,1992 Porsche 968 Specs,Edmunds,,https://www.edmunds.com/porsche/968/1992/features-specs/,Porsche 968,US factory output,R,Current,"236 hp / 225 lb-ft"
S006,service-manual reference,Porsche 968 Factory Service Manual 1992 preview,RepairLoader,2026-08-26,https://www.repairloader.com/manual.php/ca46a,Porsche 968,engine dry weight,R,Current,"172 kg dry; primary manual scan still desirable"
S007,forum development thread,VW/Audi 07K 2.5L 20V I5 Swap Thread,Rennlist,2014-03-04,https://rennlist.com/forums/944-turbo-and-turbo-s-forum/803341-vw-audi-07k-2-5l-20v-i5-swap-thread.html,VW 07K,944 swap development,B,Current,"Primary historical 07K development thread"
S007A,published reference,2008 Volkswagen Rabbit specifications,Edmunds,,https://www.edmunds.com/volkswagen/rabbit/2008/st-100903792/features-specs/,VW 07K,factory output,R,Current,"170 hp / 177 lb-ft reference"
S008,vendor,944 07K Swap Full Kit,Boost Brothers Garage,,https://www.boostbrothersgarage.com/products/944-07k-swap-full-kit,VW 07K,current conversion hardware,V,Current,"Full-kit contents compatibility claims price and lead time"
S009,forum discussion,Talk me off the ledge - 07k swap,Rennlist,2025,https://rennlist.com/forums/944-turbo-and-turbo-s-forum/1458033-talk-me-off-the-ledge-07k-swap-2.html,VW 07K / Porsche M44,comparative installed weight,A,Current,"Reports ~400 lb stock 944 NA ready to run and ~380 lb 07K without bellhousing"
S010,shop measurement,Volkswagen Swap Motor and Transmission Weights,S&P Automotive,2026-04-27,https://s-pautomotive.com/volkswagen-swap-motor-and-transmission-weights/,VW 07K / VW 1.8T,engine and transmission weights,M,Current,"07K+02J 447 lb; 1.8T+02J 445 lb; 02J 92 lb; no A/C"
S011,forum discussion,07K Swap Thread page 158,Rennlist,2021,https://rennlist.com/forums/944-turbo-and-turbo-s-forum/803341-vw-audi-07k-2-5l-20v-i5-swap-thread-158.html,VW 07K / GM LS,swap-ready weights,B,Current,"LS1 ~447 lb reported; LS2 ~490 lb reported; 07K ~400 lb discussed"
S012,vendor,1.8T Engine Conversion For Porsche 924 / 944,Motor Werks Racing,,https://www.motorwerksracing.com/porsche-944-engine-conversion-18t-swap,VW 1.8T,current conversion overview,V,Current,"Vendor performance and weight claims"
S013,vendor,1.8T conversion FAQ,Motor Werks Racing,,https://www.motorwerksracing.com/frequent-questions-answers,VW 1.8T,fitment and limitations,V,Current,"058 requirement wiring fabrication booster and HVAC limitations"
S014,manufacturer,2006 Acura TSX Raises the Bar,Acura,2005-09-01,https://www.acura.com/news-and-press/press-release-detail?article=2805-en,Honda K24A2,factory output,P,Current,"205 hp / 164 lb-ft"
S015,builder measurement,K24 Engine/Parts weight - Definitive,HybridZ,2024-05-29,https://forums.hybridz.org/topic/135661-k24-engineparts-weight-definitive/,Honda K24A2,engine weight,M,Current,"Progressive component weighing; roughly 240-320 lb depending configuration"
S016,published build report,They Said a Porsche 944 K-Swap Was Impossible. They Were Wrong,The Drive,2026-09-08,https://www.thedrive.com/news/they-said-a-porsche-944-k-swap-was-impossible-they-were-wrong,Honda K24,completed 944 build,R,Current,"Running turbo K24 944; nearly 300 whp; extensive engine gearbox hydraulic sorting"
S017,builder-documented forum,Chevy Ecotec powered Porsche 944 on ms3x,MSEXTRA,2019-07-07,https://www.msextra.com/forums/viewtopic.php?t=71474,GM Ecotec L61,completed 944 build,B,Current,"Custom pan QuickTime bellhousing torque-tube adapter; 415 whp at 20 psi"
S018,published technical reference,GM 2.0L I4 LNF Engine Info,GM Authority,,https://gmauthority.com/blog/gm/gm-engines/lnf/,GM Ecotec LNF,factory-reference output,R,Current,"260 hp / 260 lb-ft"
S019,vendor,Porsche 944 LS Engine Swap Kit,G Force Performance Products,,https://www.crossmembers.com/products/porsche-944-ls-engine-swap-kit,GM LS,current conversion hardware,V,Current,"Current core conversion kit and included hardware"
S019A,forum market survey,1983 944 LS Swap Kit Options,Rennlist,2024-12,https://rennlist.com/forums/944-and-944s-forum/1449741-1983-944-ls-swap-kit-options.html,GM LS,kit ecosystem,A,Current,"Identifies G Force Texas Performance Concepts and Renegade kit paths"
S020,manufacturer,LS3 Crate Engines,Chevrolet Performance,,https://www.chevrolet.com/performance-parts/crate-engines/ls-lsx-engines/ls3-engine,GM LS3,factory-reference output,P,Current,"430 hp / 425 lb-ft aluminum-block LS3"
S021,manufacturer,Ford Announces Power Outputs for All-New Mustang,Ford,2014-07-17,https://media.ford.com/content/fordmedia/feu/gb/en/news/2014/07/17/ford-announces-power-outputs-for-all-new-mustang--lightweight-bo.html,Ford 2.3 EcoBoost,factory output,P,Current,"310 hp / 320 lb-ft North American 2015 Mustang"
S022,forum feasibility,2.3L Ford Ecoboost Conversion,Rennlist,2016-10-09,https://rennlist.com/forums/924-931-944-951-968-forum/957394-2-3l-ford-ecoboost-conversion.html,Ford 2.3 EcoBoost,944 feasibility,A,Current,"No completed build established in baseline"
S023,manufacturer,2009 Nissan Titan Press Kit,Nissan,2009,https://usa.nissannews.com/en-US/releases/2009-nissan-titan-press-kit-at-a-glance,Nissan VK56DE,factory output,P,Current,"5.6L DOHC V8 317 hp / 385 lb-ft"
S024,builder measurement,VK56 Dimensions / Build question,HybridZ,2022-11-24,https://forums.hybridz.org/topic/133552-vk56-dimensions-build-question/,Nissan VK56DE,engine bounding dimensions,M,Current,"Approx. 30 L x 30 W x 33 H inches +/-1 in"
S025,builder-documented forum,Notes for others considering 944 to 968 engine conversion,Rennlist,2009-06-21,https://rennlist.com/forums/924-931-944-951-968-forum/508194-notes-for-others-considering-944-to-968-engine-conversion.html,Porsche 968,944 conversion,B,Current,"Donor parts wiring and S2 retention notes"
S025A,builder technical note,944/968 Engine Swap Wiring Changes,Rennlist member site,,https://members.rennlist.com/tholyoak/944_engine_swap_wiring.htm,Porsche 968,wiring integration,B,Current,"Documents 968 DME connector/alarm-power adaptation"
S026,vendor,VK56 to VQ35/37/VR30 6 Speed Transmission Adapter Kit,C3 Performance,,https://www.c3adapters.com/product-page/vk50-56-to-vq35-37-6-speed-transmission-adapter-kit,Nissan VK56,manual-transmission adapter,V,Current,"CD009/JK adapter using 3D-scan-derived geometry"
S027,published build article,Porsche 944 with a Turbo VW Inline-Five,Engine Swap Depot,2024-11-26,https://engineswapdepot.com/?p=123906,VW 07K,Boost Brothers test mule,R,Historical,"Reports Garrett G25-660 turbo; 350 hp / 320 lb-ft on low boost; Spec clutch; factory torque tube and 5-speed transaxle; preserves Nov 2024 kit state/prices"
S028,vendor catalog,Porsche 944/924S 1.8T Engine Installation Products,Motor Werks Racing,2026,https://www.motorwerksracing.com/new-products,VW 1.8T,current commercial ecosystem,V,Current,"Active 944/924S catalog; installation kit $1899; mount kit $1599; intake cooling clutch turbo and brake-delete parts listed; many made in batches"
S029,vendor completed build,Porsche 944 Gulf Tribute 1.8T Engine Conversion,Motor Werks Racing,,https://www.motorwerksracing.com/porsche-944-gulf-tribute/,VW 1.8T,completed 944 build,V,Current,"1988 944; 315 hp / 365 lb-ft; K04; 986 5-speed; rear-mount alternator; 2350-lb track car"
S030,vendor completed build,Rothman's 1.8T Tribute,Motor Werks Racing,,https://www.motorwerksracing.com/rothmans-18t-tribute,VW 1.8T,completed 944-derived build,V,Current,"1987 944 chassis; 450 hp / 395 lb-ft; 8000 rpm; BorgWarner 6758 EFR; 987 gearbox; 2050 lb"
S031,published build series,We're Putting a Honda Engine in This Porsche with Big Dreams and a Small Budget,The Drive,2025-05-05,https://www.thedrive.com/news/were-putting-a-honda-engine-in-this-porsche-with-big-dreams-and-a-small-budget,Honda K24,944 K-swap development,R,Historical,"Project K244 began around an untested overseas kit intended to retain the Porsche transaxle; not a comprehensive how-to"
S032,vendor FAQ,KPower Industries FAQs,KPower Industries,2026,https://kpower.industries/pages/faqs,Honda K24,general RWD swap support,V,Current,"K24A2 recommended for most swaps; vendor states no product offering for unlisted chassis, and Porsche 944 is not listed"
S033,vendor,Complete Porsche 944 LS Swap Kit,G Force Performance Products,2026,https://www.crossmembers.com/products/complete-porsche-944-ls-swap-kit-gf-ls944-kit,GM LS,current conversion hardware,V,Current,"$5515 complete kit; Gen 3/4 LS; C5 bellhousing and LS flywheel/pressure plate required; LT starter 12691976; long-tube exhaust included"
S034,vendor,Porsche 944 LS Exhaust System with Long Tube Headers,G Force Performance Products,2026,https://www.crossmembers.com/products/porsche-ls-exhaust-w-long-tube-headers-gf-ls944-exh,GM LS,exhaust packaging,V,Current,"321 stainless 1-7/8-in long-tubes and exhaust; requires compact LT starter 12691976; designed for G Force kit"
S035,builder forum,LS1 conversion,Rennlist,2014,https://rennlist.com/forums/924-931-944-951-968-forum/822749-ls1-conversion.html,GM LS,944 integration,B,Historical,"Documents TPC hardware, stronger transaxle recommendation, hydroboost/manual-brake choices, cooling and wiring experience"
S036,builder forum,944 S3 aka 944 to 968 drivetrain engine conversion,Rennlist,2016-04-08,https://rennlist.com/forums/924-931-944-951-968-forum/928164-944-s3-aka-944-to-968-drivetrain-engine-conversion.html,Porsche 968,conversion wiring,B,Current,"Full DME wiring work including switched +12 V requirement at DME pin 27 via 14-pin connector"
S037,community discussion,Thoughts on a 2.3L EcoBoost swap?,Reddit r/porsche944,2025-06-11,https://www.reddit.com/r/porsche944/comments/1l8meoi,Ford 2.3 EcoBoost,current 944 feasibility,A,Current,"2025 discussion still treats swap as custom bellhousing/adapter/test-fit engineering with no established kit"
S038,builder forum,Porzilla944 with a Nissan RB engine,Rennlist,2022-11-15,https://rennlist.com/forums/944-and-944s-forum/1325317-porzilla944-with-a-nissan-rb-engine.html,Nissan RB25DET,completed 944 build,B,Current,"Owner documents a running RB25DET NEO-swapped Porsche 944"
S039,builder video,2JZ started in the 944 Porsche,Christo Burger,2020-07-24,https://www.youtube.com/watch?v=FaqVwKCqUT0,Toyota 2JZ,completed 944 build,B,Historical,"Running 2JZ 944; CD009; 350Z rear subframe/diff; Haltech 2500; reported 530 whp low boost"
S040,builder forum,Porsche 944 V8 1UZ conversion,V8 Owners Forum,2014-09-21,https://v8forum.co.uk/forum/viewtopic.php?t=13132,Toyota 1UZ,944 conversion,B,Historical,"Documented 1UZ installation with XSchop torque-tube adapter, T56 slave, hydroboost, custom clutch mix and chassis-rail notch for PS pump"
S041,builder forum,VR 944 Project,Rennlist,2009-05-20,https://rennlist.com/forums/924-931-944-951-968-forum/502144-vr-944-project.html,VW VR6,944 conversion development,B,Historical,"Project fabricated modified VW bellhousing and adapter to 944 torque tube; identified high starter/tunnel interference"
S042,forum comparison,Talk me off the ledge - 07K swap page 2,Rennlist,2025,https://rennlist.com/forums/944-turbo-and-turbo-s-forum/1458033-talk-me-off-the-ledge-07k-swap-2.html,Ford Coyote / swaps,packaging comparison,A,Current,"Experienced builder reports one Coyote 944 fit with finger-width service clearance; cites ~445 lb engine without accessories"
S043,builder report,2JZ swapped progress update - retained Porsche torque tube/transaxle,Reddit r/944,2022-02-08,https://www.reddit.com/r/944/comments/snuj95,Toyota 2JZ,944 torque-tube conversion,B,Historical,"Builder reports running 2JZ while retaining Porsche torque tube and rear transaxle; clutch/ECU working"
S044,vendor completed build,Porsche 944 FATurbo Express Tribute 1.8T Conversion,Motor Werks Racing,,https://www.motorwerksracing.com/porsche-944-faturbo-express-tribute,VW 1.8T,completed 944 build,V,Current,"1983 944; 345 hp / 300 lb-ft; Garrett 2860RS; 986 gearbox; manual brakes"
